,Unnamed: 0,Time,User,tweet,Feeling,Tensor Value
1,1,2022-08-15 13:41:17+00:00,benhur07b,"We're gonna have Filomena/Mene and Bram as our next @user heroes, right @user ğŸ˜‰

#dota2 #DOTADragonsBlood #valve",Positive,0.68292046
4,4,2022-08-15 13:36:20+00:00,crstnbtst,"WTB LFS

2 TI11 TICKETS ANY DATE

#TI11 #TheInternational #Dota2",Neutral,0.8997292
5,5,2022-08-15 13:33:01+00:00,VictorG62931752,Excited for the game.ğŸ˜ğŸ˜ğŸ˜ #moba #dota2fun #Dota2.#dota2art http,Positive,0.99057066
7,7,2022-08-15 13:31:40+00:00,esports_maps,Thank Goodness ğŸ˜… Follow for more daily memes! #gaming #esportsteam #valorant #leagueoflegends #overwatch #csgoâ€¦ http,Positive,0.943923
14,14,2022-08-15 13:11:01+00:00,Alphax3M23y,#Dota2 Good Game 5winstreak http,Positive,0.8815846
19,19,2022-08-15 12:56:42+00:00,tamimi_hasbi,No #dota2 game to watch today,Neutral,0.5339137
23,23,2022-08-15 12:21:11+00:00,afkgaming,".@FNATIC appeared to have missed out on a TI11 direct invite earlier this week by just 0.05 points. ğŸ˜®

However, thiâ€¦ http",Negative,0.5837446
24,24,2022-08-15 12:20:19+00:00,evesportsZA,"Gamers!! We start this week with @user VS @user , this upper bracket action should be a cracker!

Caâ€¦ http",Positive,0.92209244
25,25,2022-08-15 12:19:10+00:00,redditdota2,"Thnx @user for exist, give us so many awesome series vs. @user and now this rivalry with Spirit - /u/Lencorâ€¦ http",Positive,0.93002844
27,27,2022-08-15 12:15:06+00:00,redditdota2,Thank you @user @user @user @user @user and @user for a great major experience! - /uâ€¦ http,Positive,0.9908449
31,31,2022-08-15 12:05:19+00:00,epicentergg,"The first game begins!

Watch here ğŸ‘‰ğŸ» http #Dota2 http",Positive,0.514675
36,36,2022-08-15 11:23:00+00:00,96Xinshi_,"Looking for Dota2 TI final tic x 1Pair,
Pls dm if selling #Dota2 #Dota2TI",Neutral,0.92321944
38,38,2022-08-15 11:17:48+00:00,FelineMajesty,I like the game.ğŸ™ˆğŸ™ˆğŸ™ˆğŸ™ˆğŸ™ˆ #dota2fun #Dota2 http,Positive,0.9816721
40,40,2022-08-15 11:06:02+00:00,JamesLl48842653,"Enjoy it, play it!ğŸ”¥ğŸ”¥ğŸ”¥ğŸ”¥ #Dota2.#dota2art http",Positive,0.9728237
46,46,2022-08-15 10:21:44+00:00,fanscore_gg,"Great 2 weeks in Dota 2 come to an incredible end. Well deserved for Team Spirit

How are yours results in PGL Majoâ€¦ http",Positive,0.9717863
49,49,2022-08-15 10:00:02+00:00,News_Connected,True Sight and Winning the #ArlingtonMajor everything's coming along for Team Spirit to potentially repeatâ€¦ http,Positive,0.6839995
57,57,2022-08-15 09:35:53+00:00,neonesportsdota,"Almost lost that one but we pushed through! Top 3 secured. Ggs to Team Gorilla.

#NeonGang #LogitechG #Dota2 http",Positive,0.7296828
58,58,2022-08-15 09:18:55+00:00,afkgaming,"ATF takes the trash talk he received from Team Aster sportively, even though the community decided to spam hatefulâ€¦ http",Negative,0.6587405
59,59,2022-08-15 09:14:05+00:00,YahooEsportsSEA,"The TI10 champs prove that theyâ€™ve still got it. ğŸ’ªğŸ» @user #ArlingtonMajor #DOTA2 

https://t.co/dVAMnX2G6i",Positive,0.90271664
67,67,2022-08-15 08:46:46+00:00,LarryGa93669026,Enjoy your games #Dota2.#dota2art #Wallpapers http,Positive,0.94379014
68,68,2022-08-15 08:39:04+00:00,jasonleongtw,"LGD has this bad habit of tripping over themselves at the finals against Team Spirit..... 

#Dota2",Negative,0.8395766
69,69,2022-08-15 08:34:46+00:00,neonesportsdota,"Series tied! Need 1 more to advance. Let's get it!

EN http http http",Positive,0.76480407
71,71,2022-08-15 08:15:28+00:00,neonesportsdota,"It was looking messy until Abeng- the Earthsaker came in!

#NeonGang #LogitechG #Dota2 http",Negative,0.5533381
72,72,2022-08-15 08:03:41+00:00,ivip9sg,"The 12 invited teams already locked for The International 11 2022. ğŸ‘ğŸ˜
Only 8 slots left for TI 11, which will be deâ€¦ http",Positive,0.54655355
73,73,2022-08-15 08:02:43+00:00,neonesportsdota,"Got our drafts for game 2! Let's try to even it up.

EN http http http",Positive,0.52137274
74,74,2022-08-15 07:55:41+00:00,redditdota2,Thanks @user for putting the Live-Stream on @user - /u/spieler_42 http #dota2 http,Positive,0.95683426
75,75,2022-08-15 07:52:03+00:00,DrBrianCooper1,Enjoy your games #Dota2.#dota2art #Wallpapers http,Positive,0.94379014
77,77,2022-08-15 07:39:56+00:00,neonesportsdota,"That was not the start that we were expecting. Just reset boys and go again. Game 2 coming up.

ENâ€¦ http",Negative,0.5817259
79,79,2022-08-15 07:29:55+00:00,MrJesusDOTA,Where is the Battle Pass #dota2,Neutral,0.8384057
85,85,2022-08-15 06:59:02+00:00,TorteDeLini,WHAT A RAMPAGE FROM @user Yatoro IN GAME 2 OF THE @user #ArlingtonMajor FINALS! ğŸ‘‘ğŸ‘‘ğŸ‘‘ #dota2 http,Positive,0.8221014
91,91,2022-08-15 06:06:05+00:00,Bryler_,"Go back to 2018-2019 and tell them that Pudge is now a safelane carry and watch everyone loses their mind. 

#Dota2",Negative,0.6376006
92,92,2022-08-15 06:01:45+00:00,StetteSondre,"Etter Ã¥ ha binget Dragon's Blood og sett Team Spirit sin seier i Arlington Major er det bare en ting vi lurer pÃ¥: Battle pass nÃ¥r?
#Dota2",Neutral,0.83219415
93,93,2022-08-15 06:01:21+00:00,EsportsAus_Off,@user  take out the #dota2  @user Arlington Major!,Neutral,0.7480831
94,94,2022-08-15 05:56:55+00:00,ferk98947904,I didn't like that game.ğŸš€ğŸš€ğŸš€ğŸš€ğŸš€ #Dota2.#dota2art http,Negative,0.9695086
95,95,2022-08-15 05:33:00+00:00,LarryGa93669026,"Enjoy it, play it!ğŸ”¥ğŸ”¥ğŸ”¥ğŸ”¥ #Dota2.#dota2art http",Positive,0.9728237
96,96,2022-08-15 05:22:25+00:00,Joutetsu1650,Absolutely brilliant! #SpiritDota #Dota2 #Bitget http,Positive,0.96427655
97,97,2022-08-15 05:12:41+00:00,jayjame37826454,"I really like that Invoker, with his actions and character, reminded Raistlin Majere from DragonLance, the music frâ€¦ http",Positive,0.94293827
102,102,2022-08-15 04:32:43+00:00,redditdota2,708 k peak viewers and 303 k average viewers for arlington major. This is the second highest viewers peak major eveâ€¦ http,Positive,0.5937552
103,103,2022-08-15 04:15:55+00:00,redditdota2,Got a cool picture with the Major winners - /u/king_amirrr http #dota2 http,Positive,0.9707399
104,104,2022-08-15 04:02:41+00:00,MrLuchador,"When he said itâ€™s be done in 3 hours, he was talking about game 2 #dota2",Neutral,0.80736136
108,108,2022-08-15 03:34:15+00:00,YahooEsportsSEA,".@Team__Spirit did it again, defying the odds to claim the @user #ArlingtonMajor! #DOTA2 

https://t.co/B2Xio0iWJQ",Positive,0.749744
109,109,2022-08-15 03:24:32+00:00,pQyyQq,"364 day champion?
363 day championğŸ˜‹
#dota2",Neutral,0.6532104
111,111,2022-08-15 03:10:37+00:00,FieldLevelMedia,"Team Spirit rises from lower bracket to win $200K Arlington Major #PGLmajor #ArlingtonMajor #DOTA2
  http",Positive,0.50092006
112,112,2022-08-15 03:09:01+00:00,redditdota2,Most dedicated fan at the Major. - /u/AtomicInferno95 http #dota2 http,Positive,0.8742324
115,115,2022-08-15 02:42:13+00:00,leeavenir,SEA #Dota2 teams need to draw inspiration from Team Spiritâ€™s fearlessness against the Chinese teams.,Neutral,0.71185666
116,116,2022-08-15 02:41:40+00:00,theBestBlock,"I'm a big @user fan, but at this point they're just chokers, especially Ame. Can always perform well throughouâ€¦ http",Positive,0.54020834
119,119,2022-08-15 02:26:49+00:00,GosuGamers,".@Team__Spirit are the champions of the PGL Arlington Major! ğŸ™Œ

#GosuGamers #Gosu20 #PassionON #Dota2 #ArlingtonMajor",Positive,0.95564586
121,121,2022-08-15 01:59:08+00:00,jamo97084,I just signed up for a @user event! Join today for fun #DotA2 amateur leagues with cash prizes. http,Positive,0.93751127
123,123,2022-08-15 01:38:54+00:00,g3n1uss,It's my first time at a LAN gaming event and what a gift from @user and PSG.LGD. So happy I came over!â€¦ http,Positive,0.99214476
124,124,2022-08-15 01:35:13+00:00,redditdota2,"Thank you, Arlington Major Talent - /u/geologist_kevin74 #dota2 http",Positive,0.93006635
125,125,2022-08-15 01:32:35+00:00,Tivitoglu_,FaktÃ¶rÃ¼m bu oyunda amkk #Dota2,Neutral,0.8192831
127,127,2022-08-15 01:24:29+00:00,afkgaming,Congratulations Team Spirit! They beat PSG.LGD in the Grand Finals to be crowned as your Arlington Major 2022 Champâ€¦ http,Positive,0.9657111
129,129,2022-08-15 01:15:33+00:00,MartGB_,What a team and what a great Major this has been. We've been blessed with great Dota the last week and now lookingâ€¦ http,Positive,0.9855137
132,132,2022-08-15 01:14:22+00:00,egwdota2,Team Spirit become champions of PGL Arlington Major 2022 http Spirit become champions of tâ€¦ http,Positive,0.56517535
135,135,2022-08-15 01:10:20+00:00,ibalsyahhh,"Sad for PSG.LGD, always lose in grand final. #dota2",Negative,0.8804781
137,137,2022-08-15 01:09:37+00:00,igornikandroff,"ĞĞ°ÑˆĞ¸ Ğ¿Ğ°Ñ€Ğ½Ğ¸ @user Ğ²Ñ‹Ğ¸Ğ³Ñ€Ğ°Ğ»Ğ¸ Ğ² Ñ„Ğ¸Ğ½Ğ°Ğ»Ğµ #ArlingtonMajor @user @user PSG.LGD 
ÑĞ¾ ÑÑ‡Ñ‘Ñ‚Ğ¾Ğ¼ 3:1 ğŸ¥³ğŸ¥³ğŸ¥³
#dota2",Neutral,0.8582772
141,141,2022-08-15 01:06:17+00:00,Swoop_OG,"Was able to get a pic with the GOD himself Yotoro! Congrats on your Major win, go win a 2nd TI you carry machineâ€¦ http",Positive,0.9776003
142,142,2022-08-15 01:05:08+00:00,huangxinkai2,#dota2 #major å†³èµ›åƒèœï¼Œæ¯æ¬¡éƒ½è¿™æ ·ï¼Œè€å­ç†¬å¤œå–‚ç‹—äº†,Neutral,0.85439366
144,144,2022-08-15 01:02:34+00:00,SEAGM,"Congratulations @user 

The reigning, defending TI Champions, Team Spirit  won the PGL #ArlingtonMajor agaâ€¦ http",Positive,0.91993886
147,147,2022-08-15 01:01:51+00:00,Argonauttz,"It was a very cool bo5 series, especially the second map. Congratulations on the victory of Team Spirit.â€¦ http",Positive,0.99115795
149,149,2022-08-15 00:59:28+00:00,ONEEsports,Revenge arc complete! @user claims back what's theirs. Give it up to your Arlington Major Champion! ğŸ†â€¦ http,Positive,0.54090196
151,151,2022-08-15 00:57:46+00:00,maincast_ua,"â¤ï¸â¤ï¸â¤ï¸

#Maincast #Dota2 #PGLMajor http",Positive,0.9059535
152,152,2022-08-15 00:56:12+00:00,KovventhC,Congrats Team Sprit after Losing against PSD.LGD in Riyadh Masters  and taking your revenge In PGL Arlington Majorâ€¦ http,Positive,0.77952534
154,154,2022-08-15 00:54:57+00:00,KnightDream_ing,"The Arlington Major's Grand Finals were amazing. âœ¨
#DotA2 ğŸ¥°",Positive,0.99015486
155,155,2022-08-15 00:53:09+00:00,maincast_ua,"Ğ”ÑĞºÑƒÑ”Ğ¼Ğ¾ Ğ²Ğ°Ğ¼ Ğ·Ğ° Ñ‚Ğµ, Ñ‰Ğ¾ Ñ€Ğ¾Ğ·Ğ´Ñ–Ğ»Ğ¸Ğ»Ğ¸ Ğ· Ğ½Ğ°Ğ¼Ğ¸ Ñ†Ñ– ĞµĞ¼Ğ¾Ñ†Ñ–Ñ—! Ğ¦Ğµ Ğ±ÑƒĞ»Ğ¾ Ğ½ĞµĞ·Ğ°Ğ±ÑƒÑ‚Ğ½ÑŒĞ¾! â¤ï¸

#Maincast #Dota2 #PGLMajor",Positive,0.76643455
156,156,2022-08-15 00:52:43+00:00,GianoTurning,"Insane Grand Finals to wake up to. #PGLMajor #dota2 

What a beautiful game played by @user http",Positive,0.9589817
157,157,2022-08-15 00:52:00+00:00,TexasBroSquad,Appreciate getting to snap a pic with THE @user !  A true TEXAS sized talent within the Dota community!  Câ€¦ http,Positive,0.9760586
160,160,2022-08-15 00:51:01+00:00,Blue71937847,That happens when bet gambling in involves. LGD PSG lose on purpose. Scam #ArlingtonMajor #dota2,Negative,0.7909819
161,161,2022-08-15 00:50:28+00:00,lh_oop,"100% kill participation in game 4 wtf? insane QOP... Congratulations Team Spirit best team in the worldğŸ‘ŠğŸ”¥ğŸ”¥ğŸ”¥

#Dota2â€¦ http",Positive,0.9629734
162,162,2022-08-15 00:49:20+00:00,AA_isnowonline,Being the greatest team in #Dota2 is not about being consistent. Its about the highest of highs and lowest of lows.â€¦ http,Positive,0.58412534
163,163,2022-08-15 00:48:59+00:00,kagayakys,Everyone is polite about it but honestly Ame choked so bad with that CK play #dota2 #ArlingtonMajor,Negative,0.7567295
166,166,2022-08-15 00:46:25+00:00,rm27_vee,"@user real china slayers

#Dota2 #ArlingtonMajor",Neutral,0.8163401
167,167,2022-08-15 00:46:10+00:00,Slayer64Dota,"Ty guys, always a pleasure watching you playing amazing dotes! #ArlingtonMajor #Dota2 http",Positive,0.9859848
168,168,2022-08-15 00:45:52+00:00,Mulerio_f4u,#dota2 â¤ï¸ğŸ–¤ğŸ¤ http,Positive,0.8738708
169,169,2022-08-15 00:45:39+00:00,lh_oop,"TORONTOTOKYO: HATERS WHERE ARE YOU NOW

haters saying Spirit's TI10 win was a fluke? come on, u know who you are, uâ€¦ http",Negative,0.6586593
170,170,2022-08-15 00:45:25+00:00,BigDigAbbdog,"Wow, TI10, Riyadh Masters and now Arlington Major. Seriously what a great rivalry! Wouldnâ€™t see these characters, pâ€¦ http",Positive,0.9008677
171,171,2022-08-15 00:45:23+00:00,michel_schell_1,æˆ‘æ˜¯é€ äº†ä»€ä¹ˆå­½æ¯æ¬¡ç†¬å¤œçœ‹å†³èµ›éƒ½ç»™æˆ‘çœ‹è¿™ä¸ªğŸ˜¢ #dota2,Negative,0.5894321
173,173,2022-08-15 00:45:01+00:00,kimi5545,"idk PSG just cant win finals. 
#Dota2 #ArlingtonMajor",Negative,0.72893375
175,175,2022-08-15 00:44:24+00:00,yunussiregar21,"Congrats to Team Spirit.

Good luck at The International 2022. #Spiritix #ArlingtonMajor #Dota2 http",Positive,0.96471256
179,179,2022-08-15 00:43:36+00:00,rynpng,"Another traditional art! Tell me how you guys like it :)

Techies Dota 2 
Acrylic on canvas board.
#dota2â€¦ http",Positive,0.78881425
180,180,2022-08-15 00:43:35+00:00,BTSBrasilTV,"PGL Arlington Major 2022! ğŸ†

A @user repete o feito do TI e Ã© a grande campeÃ£ do Major de Arlington! ğŸ‰ Mereâ€¦ http",Positive,0.59559375
182,182,2022-08-15 00:43:14+00:00,ZealFireGG,What a series. @user making a STATEMENT in the final DPC tournament before TI. @user taking major psycâ€¦ http,Positive,0.74084985
183,183,2022-08-15 00:42:33+00:00,Edward_MNL,Yatoro and Collapse are more than enough. #ArlingtonMajor #Dota2,Positive,0.6879715
184,184,2022-08-15 00:42:19+00:00,mari0juanah,"Spirit Spirit Spirit!!! Congrats! ğŸ‡·ğŸ‡ºğŸ‡ºğŸ‡¦
Sa #Dota2 lang sila bati.",Positive,0.9663502
186,186,2022-08-15 00:42:07+00:00,Oodsicle,Kyle does it again. What a hype Grand Finals at the #Dota2 #PGLMajor. GG. TI qualifiers are gonna be out of control.,Positive,0.51662135
188,188,2022-08-15 00:41:27+00:00,EricoJohanes,#dota2 #arlingtonmajor #PGLMajor #pglarlingtonmajor toronto tokyo team spirit wins pgl arlington major http,Positive,0.5338865
189,189,2022-08-15 00:41:18+00:00,TMamputsi,Wow @user what a performance! PGL #ArlingtonMajor Champions ğŸ† #Dota2 #PSGLGD,Positive,0.9791116
191,191,2022-08-15 00:41:07+00:00,Aryakuza,"Congratulations, @user 
The PGL Arlington Major Champion. 
Russia Ukraine collaboration is real!
#StopWar #dota2",Positive,0.93939704
192,192,2022-08-15 00:40:05+00:00,codenameCata,"Congratulations @user for picking up #Arlington Major.
What a great display of DotA! #dota2 #dota #spirit",Positive,0.98978174
193,193,2022-08-15 00:39:39+00:00,alfianumrkrm,Kerass @user gg #ArlingtonMajor #dota2,Neutral,0.8467456
195,195,2022-08-15 00:39:34+00:00,Liightstv,HATERS WHERE ARE YOU NOW? #ArlingtonMajor #Dota2 #DPC @user,Neutral,0.8658444
197,197,2022-08-15 00:39:15+00:00,redditdota2,Congratulations to the Champions of @user Arlington Major 2022! - /u/ICETEA545 #dota2 http http,Positive,0.97974044
198,198,2022-08-15 00:39:01+00:00,BigDigAbbdog,BEST FUCKING MAJOR IN HISTORY!!! #ArlingtonMajor #Dota2,Negative,0.80750656
199,199,2022-08-15 00:38:43+00:00,Team__Spirit,"We are your PGL #ArlingtonMajor 2022 CHAMPIONS.

Thanks for cheering, see you at The International 2022 âœŒğŸ»â€¦ http",Positive,0.96024233
200,200,2022-08-15 00:38:41+00:00,iareyomz,Team Spirit made another miracle happen... what a fucking win... #PGLMajor #PGL #dota2,Positive,0.8833751
201,201,2022-08-15 00:38:30+00:00,DisreisDiogo,PSG.LGD choked again against Team Spirit. Love to see it. This team is coming to take TI again. #TeamSpirit #PSGLGDâ€¦ http,Positive,0.9236581
203,203,2022-08-15 00:37:57+00:00,jigogwapo,PSG.LGD got PTSD from the True Sight Trailer for sure. #dota2,Neutral,0.49221215
204,204,2022-08-15 00:37:46+00:00,WarDaddyTV_,"""HATERS WHERE ARE YOU NOW?""

- TORONTOTOKYO 2022

GGWP @user ğŸ¤¯ğŸ¤¯ğŸ¤¯

#dota #dota2 #pgl #PGLMajor #PGLDOTA2 #TeamSpirit #PSGLGD",Neutral,0.69045544
205,205,2022-08-15 00:37:44+00:00,llangeani,Kyle's curse is real #dota2,Negative,0.5066446
206,206,2022-08-15 00:37:23+00:00,Team__Spirit,"WE DID IT! 

#SpiritDota #Dota2 #ArlingtonMajor http",Positive,0.8876759
207,207,2022-08-15 00:37:14+00:00,EnjoyerOfMilks,"HATERS? HATERS? CEBAYED
GG CHINA, TEAM SPIRIT WINS
#ArlingtonMajor #dota2",Neutral,0.64819175
208,208,2022-08-15 00:37:11+00:00,GipsyDnr,Mansa final de team spirit ğŸ‘ğŸ¼ğŸ‘ğŸ¼ğŸ‘ğŸ¼ğŸ‘ğŸ¼ collapse MVP #dota2,Positive,0.85937554
209,209,2022-08-15 00:36:52+00:00,vivanya_,"I FUCKING LOVE YOU @user 

#ArlingtonMajor #DOTA2",Positive,0.95668626
210,210,2022-08-15 00:36:11+00:00,wykrhm,World Champions Team Spirit are the Grand Champions of The Arlington Major. Congratulations. #ArlingtonMajor #DPCâ€¦ http,Positive,0.9756007
212,212,2022-08-15 00:35:13+00:00,redditdota2,.@SirActionSlacks must be stopped: photo bombing - /u/nosoyargentino http #dota2 http,Negative,0.6774512
213,213,2022-08-15 00:30:07+00:00,cryptoera8,Why #psg.lgd can never win at the finals? #dota2 #ArlingtonMajor,Negative,0.710614
214,214,2022-08-15 00:28:03+00:00,Team__Spirit,"A GREAT FIGHT FOR THE DRAGONS!

#SpiritDota #Dota2 #ArlingtonMajor http",Positive,0.89415014
219,219,2022-08-14 23:55:23+00:00,redditdota2,.@arteezy is my fuckin hero - /u/KariSharp http #dota2 http,Positive,0.79507476
223,223,2022-08-14 23:41:01+00:00,ItaloBarbosa_A,"Ã‰ muito legal os picks em best of 5

#PGLMajor #ArlingtonMajor #dota2",Neutral,0.8770128
227,227,2022-08-14 23:33:57+00:00,ItaloBarbosa_A,"Impressionante a capacidade da LGD tem de tremer em finais, #PGLMajor #dotamajor #dota2",Neutral,0.8682811
228,228,2022-08-14 23:33:48+00:00,uchihayuen,"ğŸ˜­ğŸ˜­ğŸ˜­ğŸ˜­ğŸ˜‚
#ArlingtonMajor #Dota2 http",Negative,0.60139114
232,232,2022-08-14 23:26:38+00:00,pinkrocx,Naga win rate on Dire is still 0% ğŸ˜‚ #ArlingtonMajor #dota2,Neutral,0.6960263
237,237,2022-08-14 23:19:18+00:00,vivanya_,"TEAM SPIRIT BIG BOSS MAN

GAME 3 ONLY TOOK 27 MINUTES, AFTER A 75 MINUTE GAME 2

ABSOLUTE CHADS

#ArlingtonMajor #DOTA2",Neutral,0.73249215
238,238,2022-08-14 23:19:11+00:00,Team__Spirit,"That was fast!

#SpiritDota #Dota2 #ArlingtonMajor http",Positive,0.63249207
241,241,2022-08-14 23:17:17+00:00,cryptoera8,"That 2nd game !! ğŸ˜³ 
#dota2 #ArlingtonMajor",Neutral,0.58207923
243,243,2022-08-14 22:53:37+00:00,lilithscleric,@user vs @user game 2 is one of the best #Dota2 games of all time. What an amazing match. #ArlingtonMajor,Positive,0.9915274
244,244,2022-08-14 22:50:34+00:00,_Iron_Maven,Screaming and crying bc @user is so nice!! #dota2 #ArlingtonMajor #PGLMajor http,Positive,0.98987925
245,245,2022-08-14 22:45:19+00:00,ZealFireGG,Game 2 of the Dota 2 Arlington Major grand final was one of the best pro dota games ever played. Game 3 ofâ€¦ http,Positive,0.9502815
253,253,2022-08-14 22:33:58+00:00,redditdota2,Now this is the content I'm watching for - /u/Angelore http #dota2 http,Positive,0.6498198
254,254,2022-08-14 22:33:52+00:00,Cafeine,"Cette finale est incroyable, #dota2 est le meilleur jeu de la terre en esport, je veux rien savoir :p #PGLMajor Game2 de lÃ©gende â¤ï¸",Positive,0.9244837
255,255,2022-08-14 22:33:30+00:00,MartGB_,"That game 2 of the finals was wild, 75 min game sick comeback from Team Spirit with a rampage from Yatoro to end thâ€¦ http",Positive,0.58826524
257,257,2022-08-14 22:29:46+00:00,redditdota2,"Holy shit, you guys need to watch Grand Finals game 2, not gonna spoil it - /u/loopuleasa #dota2 http",Positive,0.44107667
258,258,2022-08-14 22:28:13+00:00,Ak1Ra_Simon,@user ğŸ’ªğŸ‘‘â˜ï¸#Dota2 #ArlingtonMajor,Positive,0.5129294
259,259,2022-08-14 22:27:45+00:00,nathio722,"@user from a TV viewers point of view it's been amazing. Very smooth , no real tech errors, pretty much all gâ€¦ http",Positive,0.9651358
260,260,2022-08-14 22:27:43+00:00,mr_mvaldes,Esta buenÃ­sima la final del #dota2 major. Partitas de 70m uff.,Neutral,0.89591575
263,263,2022-08-14 22:26:32+00:00,DCVR01,"What a GAME WOW!!!!!!!

#Arlingtonmajor 
#DPC 
#Dota2",Positive,0.9218353
264,264,2022-08-14 22:26:18+00:00,esports,"""If you just woke up, if you're staying up late. We got a GRAND FINALS right here!!!!""

YATORO GODğŸ

Grab your ğŸ¿ foâ€¦ http",Positive,0.4849311
265,265,2022-08-14 22:25:43+00:00,Oodsicle,This is why I love #Dota2. Wow. What an insane game. #PGLMajor #ArlingtonMajor,Positive,0.98979706
266,266,2022-08-14 22:25:26+00:00,itsseijin,"WHAT A GAME! 
PROPER CRAZY! 72+ mins!!
WOW
@Team__Spirit @user @user #ArlingtonMajor #dota2",Positive,0.92138696
267,267,2022-08-14 22:25:20+00:00,Reira_cchi,Shit!! That game 2!!! LGD vs Team Spirit #ArlingtonMajor #DotA2,Negative,0.7567159
268,268,2022-08-14 22:24:04+00:00,bel_boi,#dota2 #PSGLGD Vs #TeamSpirit game 2 is crazy. #arlingtonmajor #pglarlingtonmajor #PGLMajor,Positive,0.5507806
270,270,2022-08-14 22:23:27+00:00,MaggioreNick,What a game! #dota2 http,Positive,0.96894956
271,271,2022-08-14 22:21:58+00:00,TroublesomeIT,"ARLINGTON Majors DOTA2 game 2 finals will probably be better than TI finals!!!

Insaneeeeee!!!!!

#arlingtonmajors #dota2 #dpc",Positive,0.96103907
272,272,2022-08-14 22:21:34+00:00,egorcaxap,Team #spirit WHAT A GAME #2 !! #dota2 #rampage,Positive,0.87307924
273,273,2022-08-14 22:21:30+00:00,mblonyox,WT*!! Game 2 LGD vs TS ini gila dah~ #dota2,Neutral,0.78890926
274,274,2022-08-14 22:21:07+00:00,kishunico,wow #dota2 best esport in the world #esport,Positive,0.966009
275,275,2022-08-14 22:20:44+00:00,Nitzmeister,HOLY SHIT!!! WHAT A GAME 2 #ArlingtonMajor #DPC #Dota2,Positive,0.7856248
276,276,2022-08-14 22:20:41+00:00,DreaOla,Holy fucking game #gpl #dota2,Negative,0.6584334
277,277,2022-08-14 22:20:39+00:00,Saad_Nasyr,"WHAT A GAME!!!! YATOROGOD!!! 

#ArlingtonMajor #PGLMajor #Dota2 #TeamSpirit",Positive,0.92161256
278,278,2022-08-14 22:20:16+00:00,joshyanehh,HOLYYYYYYYYYYYYYYYYYYYYYYYYYYYYYYYY HYPE #ArlingtonMajor #Dota2,Positive,0.93735194
279,279,2022-08-14 22:20:01+00:00,jaaameskenneth,Are you having fun? #ArlingtonMajor #Dota2,Positive,0.53197956
281,281,2022-08-14 22:19:56+00:00,Team__Spirit,"WHAT A GAME!?!?!?!?!?!?

#SpiritDota #Dota2 #ArlingtonMajor http",Positive,0.7547519
282,282,2022-08-14 22:19:23+00:00,ApriLalalaLove,This Arlington Major ğŸ˜±ğŸ˜± #Dota2,Neutral,0.46122935
283,283,2022-08-14 22:19:07+00:00,vivanya_,"WHAT IS THIS GRAND FINALS???????

HOLYUFGASDFJKCASDUJFGOSHIT

#ArlingtonMajor #DOTA2",Neutral,0.57516235
286,286,2022-08-14 22:12:03+00:00,Ali_Fed,"PGL Major Arlington 2022 - PSG.LGD vs Team Spirit 
ğŸ”¥ğŸ”¥ğŸ”¥ğŸ”¥ #Dota2",Positive,0.51146686
287,287,2022-08-14 22:11:48+00:00,Reira_cchi,"Holy crap!!! This game is so fucking insane, LGD vs Team Spirit at Arlington Major Grand Finals

#DotA2",Positive,0.4989776
289,289,2022-08-14 22:04:14+00:00,wykrhm,THIS GAME!! Too damn close. #ArlingtonMajor #DPC #Dota2,Neutral,0.39881313
295,295,2022-08-14 21:34:05+00:00,SwiftIke_,I feel like LGD is currently the best team in the world and all the other teams at the major could beat each otherâ€¦ http,Positive,0.9537676
296,296,2022-08-14 21:32:40+00:00,dkenpachi246,At this point who ainâ€™t a fucking dragon ??? #Dota2,Negative,0.7113811
297,297,2022-08-14 21:25:12+00:00,redditdota2,GameLeap is a scam - /u/machinaro #dota2 http,Negative,0.8841164
303,303,2022-08-14 20:46:55+00:00,heybudo,@user getting scarier every game.ğŸ’€ #ArlingtonMajor #dota #dota2,Negative,0.8803701
308,308,2022-08-14 20:38:27+00:00,Team__Spirit,"Losing the first game.

https://t.co/OxBxzPDBCD
https://t.co/V7moBq2Rbu

#SpiritDota #Dota2 #ArlingtonMajor http",Negative,0.532228
314,314,2022-08-14 20:06:04+00:00,Magnifico_DKR,"Final de major na narraÃ§Ã£o de @user 
ELIMINADUM!
#dota2 #ArlingtonMajor",Neutral,0.80427974
316,316,2022-08-14 20:03:14+00:00,CallOfGamers7,"Come on guys ğŸ¤©
#dota2 #PGL #ArlingtonMajor",Positive,0.79549986
322,322,2022-08-14 19:47:07+00:00,monstrouszaki,"can @user get their revenge with @user ?
#arlingtonmajor #dota2 #Major #psglgd #teamspirit",Neutral,0.84558105
323,323,2022-08-14 19:47:00+00:00,redditdota2,Being only 0.05 points short must hurt - /u/AcceptableBuddy9 http #dota2 http,Negative,0.6494255
325,325,2022-08-14 19:46:15+00:00,TanxIce,"AME GOD, IN LGD WE TRUST!

#DOTA2
#ArlingtonMajor",Positive,0.8332935
326,326,2022-08-14 19:42:01+00:00,NeboNumberOne,"""yes"" - yatoro #dota2",Neutral,0.71426886
328,328,2022-08-14 19:38:12+00:00,Team__Spirit,"LET'S GOOOOOOOOOOOOOOOOO!

https://t.co/fVJ4ZCecx5
https://t.co/6AicC5x9MV

#SpiritDota #Dota2 #ArlingtonMajor http",Positive,0.6182219
330,330,2022-08-14 19:35:48+00:00,wykrhm,LGD ... or .. Spirit? #ArlingtonMajor #DPC #Dota2,Neutral,0.90152633
331,331,2022-08-14 19:34:46+00:00,heybudo,A #TI10 dÃ©jÃ  vu. Who do you think will win?ğŸ¤”#ArlingtonMajor #DOTA2,Neutral,0.89456606
340,340,2022-08-14 19:28:24+00:00,teeeepenacob,NA crowd lul ğŸ¤£ğŸ¤£ #ArlingtonMajor #Dota2,Neutral,0.58659303
343,343,2022-08-14 19:22:09+00:00,redditdota2,Shoutout to Collapse for making this Grand Finals stream watchable - /u/Baash8 http #dota2 http,Positive,0.8558985
344,344,2022-08-14 19:21:23+00:00,ajansai1,"Rematch come on @user ğŸ¤©
#ArlingtonMajor #DPC #Dota2 http",Positive,0.8117216
347,347,2022-08-14 19:17:23+00:00,chaydapersonal,"No mercy for Marci ğŸ’”

#dotadragonsblood #marci #fanart #dota2 http",Negative,0.5558823
351,351,2022-08-14 19:14:14+00:00,egwdota2,Don't miss the El Clasico of the modern Dota scene at the PGL Arlington Major 2022 final http http,Positive,0.5958426
356,356,2022-08-14 19:05:58+00:00,DaebakBets,"Ahh that feeling when you got two teams in the grand finals on your future plays card ğŸ’¥ğŸ’µ

#GamblingTwitterâ€¦ http",Positive,0.5749586
360,360,2022-08-14 18:54:27+00:00,thunderpickco,"On one side, looking impossibly good PSG.LGD, on the other Team Spirit that showed a solid performance losing in plâ€¦ http",Positive,0.6136853
364,364,2022-08-14 18:45:02+00:00,iamdjlangit,"CoLLapse just happened ğŸ‘€

#PGLMajor 
#ArlingtonMajor
#dota2",Neutral,0.7883742
367,367,2022-08-14 18:39:49+00:00,TakeDisWords,"TI10 REMATCH round 3

#ArlingtonMajor #DPC #Dota2",Neutral,0.9167092
368,368,2022-08-14 18:39:46+00:00,powls_art,"THIS COLAPSE GUY 

#dota2",Neutral,0.72725034
369,369,2022-08-14 18:39:36+00:00,Kyrtexx,"#DOTA2 #PGLArlingtonMajor #GrandFinal
#TeamSpirit vs #PSGLGD",Neutral,0.8804484
371,371,2022-08-14 18:38:52+00:00,wykrhm,The Arlington Major Grand Finals â€” PSG LGD vs Team Spirit ..We're getting a TI10 Grand Final rematch. Pretty apt wiâ€¦ http,Positive,0.62716824
374,374,2022-08-14 18:32:09+00:00,redditdota2,Appreciation for Dragon's Blood S3 (no spoiler) - /u/tl2301 #dota2 http,Positive,0.7324363
379,379,2022-08-14 18:16:24+00:00,pinkrocx,Okay but Collapse and that spear ğŸ¤¯ #ArlingtonMajor #dota2,Neutral,0.7056288
383,383,2022-08-14 17:53:34+00:00,Tinyning1031,"è¥¿æ©DOTAå¾ˆä¹…æ²¡æœ‰ä¸¤åªä¸­å›½é˜Ÿä¼šå¸ˆthe finaläº†ã€‚
è¿™æ¬¡é˜¿çµé¡¿Majorï¼ŒèŒ¶é˜Ÿä¸LGDä¼šå¸ˆå†³èµ›ï¼Œå°±å·®è´¥è€…ç»„è¿™ä¸€åœºäº†ï¼
#ArlingtonMajor #DOTA2",Neutral,0.8596805
384,384,2022-08-14 17:52:55+00:00,Dota2Profiles,when you're up to 5 am and still didn't get a ticket to TI #dota2 http,Negative,0.60260254
386,386,2022-08-14 17:41:58+00:00,redditdota2,"In this @user Allstars wallpaper, who are the two heroes in the foreground? This has bothered me for a pretty longâ€¦ http",Negative,0.86375564
389,389,2022-08-14 17:32:49+00:00,Team__Spirit,"NotLikeThis. Time to come back ğŸ‰

#SpiritDota #Dota2 #ArlingtonMajor http",Negative,0.5929703
391,391,2022-08-14 17:29:31+00:00,wykrhm,12th Game 3 of these Playoffs. :O #ArlingtonMajor #DPC #Dota2,Neutral,0.86981094
393,393,2022-08-14 17:22:00+00:00,ghazalyazji,"True sight sets Dota apart from every other game...
It is a league of its own...
Beyond comparison...
#dota2â€¦ http",Positive,0.64603776
395,395,2022-08-14 17:18:50+00:00,Bowiesoso,à¸”à¸¹à¹à¸‚à¹ˆà¸‡ #Dota2 ğŸ‘‰ğŸ»ğŸ¥³ğŸ¥³ğŸ˜´ğŸ˜´ à¸¥à¸¸à¹‰à¸™à¸¡à¸²à¸à¸•à¸·à¹ˆà¸™à¹€à¸•à¹‰à¸™,Neutral,0.7782939
396,396,2022-08-14 17:17:03+00:00,cuttocrypto,à¸”à¸¹à¹à¸‚à¹ˆà¸‡ #Dota2,Neutral,0.8238884
397,397,2022-08-14 17:00:21+00:00,redditdota2,"[@Taigadota] Hey, I know Ammar all chat wasnâ€™t cool, and idk the full story but maybe k1 started it earlier in theâ€¦ http",Negative,0.7849323
398,398,2022-08-14 16:58:26+00:00,woIverinutoken,Hi lovelies! Iâ€™ve got 5 DOTA2 Championship Finals badges (WITH PROOF) for sale at a reasonable price. HMU if you arâ€¦ http,Positive,0.65839386
399,399,2022-08-14 16:49:38+00:00,kbob_6980,"Invoker is dope af

#dota2 #DOTADragonsBlood #invoker http",Positive,0.8759629
401,401,2022-08-14 16:44:41+00:00,pinkrocx,Sooo battlepass announcement today right?! #dota2 #please,Neutral,0.6058882
402,402,2022-08-14 16:41:24+00:00,ikentmove,Naa najuy True Sight trailer! #TrueSight #Dota2,Neutral,0.7201213
403,403,2022-08-14 16:35:16+00:00,redditdota2,"The Warpine Neutral creep should throw a squirrel, not an acorn - /u/WeDoNotSow http #dota2 http",Negative,0.67488045
411,411,2022-08-14 16:07:11+00:00,Team__Spirit,"We take the lead in the series!

ONE MORE!

#SpiritDota #Dota2 #ArlingtonMajor http",Positive,0.89627665
412,412,2022-08-14 16:06:14+00:00,amirridzuanbron,"Spirit won by 53k lead, angry #ArlingtonMajor #dota2",Neutral,0.5887818
415,415,2022-08-14 15:44:21+00:00,Team__Spirit,"WHAT A FIGHT!

#SpiritDota #Dota2 #ArlingtonMajor http",Positive,0.6138678
427,427,2022-08-14 15:01:06+00:00,YahooEsportsSEA,".@TeamAsterCN's Monet thinks that @user is a force to be reckoned with. #DOTA2 #ArlingtonMajor 

https://t.co/cVe30dSC8h",Positive,0.7443419
430,430,2022-08-14 14:51:11+00:00,maincast_ua,"Ğ¨Ğ? ğŸ¤ªğŸ¤ªğŸ¤ªğŸ¤ªğŸ¤ªğŸ¤ªğŸ¤ªğŸ¤ªğŸ¤ªğŸ¤ª

#Dota2 #PGLMajor #Maincast http",Positive,0.5928404
432,432,2022-08-14 14:50:27+00:00,pinkrocx,ğŸ¤£ğŸ¤£ğŸ¤£ #ArlingtonMajor production said â€œThis should be OGâ€ ğŸ’€ #dota2,Neutral,0.4865537
433,433,2022-08-14 14:43:56+00:00,web3citizen,"Met some peeps from SG ğŸ‡¸ğŸ‡¬ @user who really love #dota2. 

So we've decided to set up a TG group for us to plaâ€¦ http",Positive,0.95312506
436,436,2022-08-14 14:38:59+00:00,pinkrocx,Anyone else trying not to fan girl when players casually walk by at the major?! #ArlingtonMajor #dota2 #swoon,Neutral,0.70366687
438,438,2022-08-14 14:19:45+00:00,rhys_stever,Met more talent and players yesterday- everyone is so nice and a pleasure to meet. gl Nat on hosting the final day!â€¦ http,Positive,0.99100554
439,439,2022-08-14 14:17:19+00:00,westcoastdota,"If you're in the arena today, come say hi! We have stickers ğŸ‘€

#ArlingtonMajor #Dota2 #pglmajor",Positive,0.6498955
441,441,2022-08-14 14:10:55+00:00,kinesskat,"Que juego competitivo preferÃ­s a la hora de VER contenido?
#LeagueOfLegends 
#VALORANT 
#Fortnite 
#dota2 
#otro",Neutral,0.83851296
443,443,2022-08-14 14:08:37+00:00,thatika1,@user SÃ³ consigo jogar #dota2 oh vÃ­cio chato!,Neutral,0.6958533
451,451,2022-08-14 13:46:48+00:00,hutattedonmyarm,"Ich mag die #Dota2 Serie ja, aber nach #Arcane ist die irgendwieâ€¦ nicht genug",Neutral,0.8494588
452,452,2022-08-14 13:41:22+00:00,moein_mirkiani,"Ø§ÛŒÙ† Team Aster Ø²Ø¯ OG Ù†Ø§Ø²Ù†ÛŒÙ†Ù… Ø±Ùˆ Ø§Ø² Arlington Major Ø­Ø°Ù Ú©Ø±Ø¯. ØªØ§ Ø§Ø¨Ø¯ ÙØ§Ú© Ú†ÛŒÙ†!
#dota2",Neutral,0.80434406
456,456,2022-08-14 13:31:06+00:00,esports_maps,When you're deep in the game and realize just how ridiculous the lore is ğŸ™„#gaming #valorant #leagueoflegendsâ€¦ http,Negative,0.9099136
458,458,2022-08-14 13:14:39+00:00,VictorG62931752,If you know anything about the game.ğŸ”¥ğŸ”¥ #Dota2.#dota2art #dota2heroes http,Positive,0.7324225
460,460,2022-08-14 12:46:50+00:00,wykrhm,"CHAMPIONSHIP SUNDAY .... We crown the Champion of The Arlington Major today. PSG LGD, Team Spirit and Team Aster baâ€¦ http",Positive,0.77603674
461,461,2022-08-14 12:45:03+00:00,redditdota2,Good Luck @user - /u/ananaspunsch http #dota2 http,Positive,0.93505234
467,467,2022-08-14 12:15:12+00:00,dota2apex,ğŸ”¥ PERFECT KUNKKA - !Attacker - 16-0 - DOTA 2 Pro Game Highlights http via @user @user #dota2â€¦ http,Positive,0.7895186
468,468,2022-08-14 11:45:00+00:00,raybet20,"Arlington Major Highlight ğŸ’•
A huge 3-men echo slam from Ceb turns the table on BC!
#Raybet #DOTA2 #ArlingtonMajor http",Positive,0.921274
469,469,2022-08-14 11:44:54+00:00,Yazi_Hernandez,Can organisers do anything about these scalpers? Maybe void their tickets so that proper true fans can watch? Reselâ€¦ http,Negative,0.5067658
473,473,2022-08-14 11:28:25+00:00,DaudDimas,"A little bit of correction, I uploaded the wrong image for the third solution. I forgot to change the text. Here itâ€¦ http",Negative,0.60597444
476,476,2022-08-14 11:08:23+00:00,DaudDimas,I hope this problem will be sorted out before The International start. It would be such anti-climatic outcome if anâ€¦ http,Negative,0.52885705
477,477,2022-08-14 11:02:12+00:00,DaudDimas,@user @user This proves that Ex Machina is somewhat too powerful for anyone who are lucky enough to get it. Soâ€¦ http,Positive,0.569349
479,479,2022-08-14 10:46:34+00:00,queenoflaura,#dota2 trending on twitter? my heart fluttered even tho i know its for the major http,Positive,0.7443962
480,480,2022-08-14 10:38:49+00:00,itsactuallychad,Can't wait! #TrueSight #Dota2 http,Positive,0.9792143
481,481,2022-08-14 10:38:14+00:00,GinxTV,Get ready to go behind the scenes of one of #Dota2 esports' most historic battles in True Sight ğŸ†! http,Positive,0.695338
484,484,2022-08-14 10:34:47+00:00,EGamersWorld,"At the finish line - what happened on the penultimate day of PGL Arlington Major 2022

Bright performance from bzm,â€¦ http",Positive,0.5894287
488,488,2022-08-14 10:26:01+00:00,JeezeSaw,2022 and still #Dota2 ranked games are toxic af.,Negative,0.9503192
493,493,2022-08-14 09:38:36+00:00,wOot_KR,"oops , 2014

#dota2 #wacomsucks",Negative,0.87021655
494,494,2022-08-14 09:32:56+00:00,TasmiaSandal,"#LUNA immortal set that i really like .
really beautiful
Golden immortal 
#Dota2 http",Positive,0.9604973
495,495,2022-08-14 09:26:16+00:00,VasuChaturvedi,"Valve has such incredible lore within #Dota2 , they do an excellent job in crafting it for the game. They also do aâ€¦ http",Positive,0.9776689
507,507,2022-08-14 08:27:10+00:00,redditdota2,"Chills, literal chills. Can't wait for the True Sight. - /u/Consistent-Onion9363 http #dota2 http",Positive,0.9493378
508,508,2022-08-14 08:23:08+00:00,redditdota2,"Cheer up, strongest region - /u/ssiddhartha28 #dota2 http",Positive,0.9039005
512,512,2022-08-14 08:08:36+00:00,raybet20,"Arlington Major Highlight ğŸ’•
Perfect combo from storm spirit and dawnbreaker and Faith_bian gets a double rampage!â€¦ http",Positive,0.9226314
514,514,2022-08-14 07:58:38+00:00,CalcifersCastle,"Commissioned a Queen of Pain artwork, it's going to be amazing. I can't wait! #dota2 http",Positive,0.99153477
515,515,2022-08-14 07:37:13+00:00,drcolossal1,If you know anything about the game.ğŸ”¥ğŸ”¥ #Dota2.#dota2art #dota2heroes http,Positive,0.7324225
516,516,2022-08-14 07:26:40+00:00,redditdota2,Holyshit! I attended my first @user tournament in person and loved every bit of it. - /u/gvravich #dota2 http,Positive,0.9829838
517,517,2022-08-14 07:25:05+00:00,Melissa58928373,If you know anything about the game.ğŸ”¥ğŸ”¥ #Dota2.#dota2art #dota2heroes http,Positive,0.7324225
522,522,2022-08-14 07:10:39+00:00,wambugu_kamotho,"@user @user #eSports #Dota2. Hello, my Kenyan team is looking to play friendlies with any interested teams. My DM is open.",Neutral,0.53224885
523,523,2022-08-14 07:02:22+00:00,Felicia74430416,If you know anything about the game.ğŸ”¥ğŸ”¥ #Dota2.#dota2art #dota2heroes http,Positive,0.7324225
524,524,2022-08-14 06:55:17+00:00,redditdota2,just a scalper who botted up SIXTY tickets for the finals and trying to resell for $72k profits... please valve figâ€¦ http,Negative,0.5378488
530,530,2022-08-14 06:15:23+00:00,VictorG62931752,Excited to play it.ğŸ¤”ğŸ¤” #Dota2.#dota2art http,Positive,0.9841612
539,539,2022-08-14 05:24:06+00:00,neonesportsdota,"Cheers, beers and many more years! ğŸ‚

Mr. Karl has just leveled up! Send in your birthday greetings for our awesomeâ€¦ http",Positive,0.9823111
544,544,2022-08-14 04:53:27+00:00,BuilderCoinBLDR,This is a hero and an NFT. #playtoearn #genesisbattle #moba #mobilelegends #dota2 #nft #p2e http,Positive,0.79299974
545,545,2022-08-14 04:47:26+00:00,_juiceman777,Big day today all around ğŸ¤‘ğŸ˜…ğŸ«¡âœ…âœ…âœ…âœ…â€¼ï¸â€¼ï¸ #GamblingTwitter #Dota2 #CSGO #PGA #LeagueOfLegends #PrizePicks http,Positive,0.82835
546,546,2022-08-14 04:30:07+00:00,grant_angela,So good I had to share! Check out all the items I'm loving on @user from @user #poshmark #fashionâ€¦ http,Positive,0.99246854
547,547,2022-08-14 04:21:44+00:00,silentjoker45,"Also what next i can't wait to see what more could be in-store for from world of dota new characters, new villain iâ€¦ http",Positive,0.9645333
548,548,2022-08-14 04:21:43+00:00,silentjoker45,"#DOTADragonsBlood #dota #dota2 #DOTADragonsBloodbook3
Damn u Ashley u &amp; ur team did it!! 9/10 like Castlevania &amp; Arâ€¦ http",Positive,0.6962943
550,550,2022-08-14 04:01:59+00:00,mcpba,Aster vs OG éš¾å¾—çš„ä¸€åœºç²¾å½©å¯¹å†³ï¼ #dota2,Neutral,0.8790618
551,551,2022-08-14 04:00:20+00:00,Bethany68944126,Excited to play it.ğŸ¤”ğŸ¤” #Dota2.#dota2art http,Positive,0.9841612
552,552,2022-08-14 03:59:56+00:00,GreenScar90,"DOTA: Dragon's Blood - Book 3 was phenomenal! I never expected so many unique story twists, revelations and elementâ€¦ http",Positive,0.96690893
553,553,2022-08-14 03:48:52+00:00,Azrael_The_Arch,Bram courier or announcer pack when? #dota2 #DOTADragonsBlood,Neutral,0.91319317
554,554,2022-08-14 03:45:11+00:00,redditdota2,Ammar: Talks shit. Also Ammar: Gets hit. - /u/derps_with_ducks http #dota2 http,Negative,0.76428694
557,557,2022-08-14 03:28:21+00:00,redditdota2,"To the Chinese audience in the Arlington Major, thank you for making the crowd at least less boring and bias - /u/iâ€¦ http",Positive,0.83187073
560,560,2022-08-14 03:23:08+00:00,moee_xls,"PS the Invoker was such a brilliant antagonist. 

Guy destroyed the world 12,403x just to save his daughter.
#Dota2 #DOTADragonsBlood",Positive,0.48589614
561,561,2022-08-14 03:21:01+00:00,TASHtalker,Meta ata si Razor ngayon. #Dota2 #ArlingtonMajor,Neutral,0.89058924
562,562,2022-08-14 03:13:41+00:00,GosuGamers,"Team Aster make it to the top 3 at the Arlington Major!

#GosuGamers #Gosu20 #PassionON #Dota2 #ArlingtonMajor",Positive,0.7321764
563,563,2022-08-14 03:03:31+00:00,reachtams14,"Idk if this will be good thing to do, ""let's watch TI from home"" and don't buy that f*cking expensive ticket from bâ€¦ http",Negative,0.8424612
570,570,2022-08-14 01:56:37+00:00,redditdota2,Huge shoutout to Saberlight - /u/christopherobin1 #dota2 http,Positive,0.9019204
574,574,2022-08-14 01:51:33+00:00,afkgaming,"ATF receives a taste of his own medicine after he trashtalked his opponents in OG's previous match

#Esports #Dota2 http",Negative,0.49337202
579,579,2022-08-14 01:46:13+00:00,redditdota2,.@SVGDota is my new favorite play by play caster - /u/omgitspri http #dota2 http,Positive,0.9766425
580,580,2022-08-14 01:44:15+00:00,AA_isnowonline,"Guys. I know its really hard to understand

But 

Criticism != Toxicity

If you can only handle tweets like ""ğŸ‘‘"", ""yâ€¦ http",Negative,0.6999845
587,587,2022-08-14 01:35:02+00:00,ShadeofRoy,I'm sorry WTF #Dota2 68 wins http,Negative,0.69038105
590,590,2022-08-14 01:29:55+00:00,Paaulinapazcg,"I've never felt so ill like with this chrono 
#ArlingtonMajor #Dota2 http",Negative,0.89364016
595,595,2022-08-14 00:52:06+00:00,redditdota2,Banks definitely improved with his interviews today! - /u/sdfsdjafaf #dota2 http,Positive,0.94078827
596,596,2022-08-14 00:43:36+00:00,_sjsy,So sad for thoso ppl who weren't not able to buy #Dota2 #TI11 tickets. ğŸ˜¥ğŸ’” Good thing I'm able buy 5 Finals tickets.,Negative,0.70251745
598,598,2022-08-14 00:35:51+00:00,wykrhm,"True Sight - The International 2021 Finals premieres September 24, 2022. Do not miss it.

Trailer:â€¦ http",Positive,0.6448509
602,602,2022-08-14 00:21:31+00:00,Damk4n,"#dota2 @user major is a big joke.  Teams are misfits, looks like playing fix matches all the time...",Negative,0.8951386
603,603,2022-08-14 00:18:50+00:00,redditdota2,.@SirActionSlacks is a COWARD - /u/Ratmore #dota2 http,Negative,0.86875206
605,605,2022-08-14 00:09:38+00:00,wykrhm,11/16 game so far in the Playoffs have gone full series 2-1. ğŸ˜² #ArlingtonMajor #DPC #Dota2,Neutral,0.8025033
619,619,2022-08-13 22:45:41+00:00,pinkrocx,Loving these nails I did for the #ArlingtonMajor #dota2 #nails http,Positive,0.9807357
622,622,2022-08-13 22:19:06+00:00,pinkrocx,so can you please stop putting the blinding white lights DIRECTLY into the crowds faces at the major!? Iâ€™m tryin toâ€¦ http,Negative,0.58268493
626,626,2022-08-13 22:07:28+00:00,pinkrocx,There are scalpers selling tickets for over $1000 a pop too. GROSS #dota2 http,Negative,0.58066607
631,631,2022-08-13 21:52:09+00:00,egwdota2,PGL Arlington Major 2022: Team Spirit failed to cope with PSG.LGD http confrontation betweeâ€¦ http,Negative,0.74634427
635,635,2022-08-13 21:49:07+00:00,EGamersWorld,"PGL Arlington Major 2022: Team Spirit failed to cope with PSG.LGD

The confrontation between PSG.LGD and Team Spiriâ€¦ http",Negative,0.6621824
637,637,2022-08-13 21:43:19+00:00,fvcKENsht,"Imma SEA, NA and WEU dota fan but LGD deserves to win this yrâ€™s TI ğŸ’¯ #ArlingtonMajor  #Dota2",Positive,0.88224727
639,639,2022-08-13 21:39:20+00:00,GosuGamers,"PSG.LGD are the first team to secure a spot in the Grand Finals of PGL Arlington Major ğŸ’¥ğŸ’¥

https://t.co/DyVL3dZACoâ€¦ http",Positive,0.86953187
640,640,2022-08-13 21:37:52+00:00,Team__Spirit,We lost the series vs. @user #Dota2 #ArlingtonMajor http,Negative,0.67404413
645,645,2022-08-13 21:26:28+00:00,DisreisDiogo,Dawnbreaker DEFINITELY getting the Nerf before TI. Faith Bian putting on a clinic with this hero. TOO STRONG.â€¦ http,Positive,0.7403681
648,648,2022-08-13 21:16:31+00:00,DeniseR11635855,Are you playing any cool games lately?ğŸ¤©ğŸ¤© #Dota2.#dota2art http,Positive,0.9612888
650,650,2022-08-13 21:07:43+00:00,crp_hunter,"Party grind?
#dota2",Neutral,0.83416414
657,657,2022-08-13 20:37:36+00:00,RazzilDarkbrew5,"There you go, @user . 17 year old making history.

#dota2 #PGLMajor http",Positive,0.7551446
661,661,2022-08-13 20:26:35+00:00,redditdota2,Why is it okay to insult players on Proscene? - /u/NYMMERIA #dota2 http,Negative,0.730779
665,665,2022-08-13 20:14:33+00:00,JhowlTec,Here in Arlington major #dota2 #sonyINZONE,Neutral,0.83094144
666,666,2022-08-13 20:13:37+00:00,Team__Spirit,"First game didn't go well for us.

https://t.co/fVJ4ZBWBFx
https://t.co/6AicC5OLbv

#SpiritDota #Dota2â€¦ http",Negative,0.8916755
669,669,2022-08-13 20:00:10+00:00,L8TENCY,"Gaming as some of the best underdog stories, one in particular is from The International 10. This event sawâ€¦ http",Positive,0.87408495
671,671,2022-08-13 19:55:28+00:00,Team__Spirit,"What a fight!

#SpiritDota #Dota2 #ArlingtonMajor http",Positive,0.6747524
672,672,2022-08-13 19:55:05+00:00,taynerous,"O anÃºncio foi feito, e pra quem nÃ£o viu:  True Sight do The International 2021 serÃ¡ lanÃ§ado dia 24 de setembro! ğŸ”¥ğŸ’œâ€¦ http",Positive,0.70905423
678,678,2022-08-13 19:32:09+00:00,redditdota2,NTS's feelings are reciprocated - /u/cantgetthistowork http #dota2 http,Positive,0.7621903
679,679,2022-08-13 19:27:32+00:00,danny24680,"Bloody hell... Someone at Valve finally dug out the footages for this ğŸ˜®â€ğŸ’¨ #dota2 

https://t.co/qslc3O567Z",Negative,0.6094322
680,680,2022-08-13 19:26:32+00:00,raghavr,This is why #Dota2 is so damn addictive. Nothing beats true sight. http,Positive,0.6573191
683,683,2022-08-13 19:23:14+00:00,ONEEsports,"The long wait is almost over.

'True Sight: The International 2021 Finals' is slated for release on September 24, dâ€¦ http",Positive,0.520295
684,684,2022-08-13 19:22:53+00:00,Dos_ball,"PSG-LGD vs TEAM SPIRIT Game 1, Time check 3:22am. #dota2 #Arlington",Neutral,0.91464865
687,687,2022-08-13 19:17:59+00:00,thunderpickco,"OG just won 2:1 ğŸ’ª with beastcoast and now will be facing Team Aster. OG is legendary, Aster got an amazing performaâ€¦ http",Positive,0.9434965
693,693,2022-08-13 19:12:53+00:00,kts549031,So sad about scalp ti tickets #dota2 #DOTADragonsBlood #TI11,Negative,0.87490934
695,695,2022-08-13 19:10:59+00:00,Team__Spirit,"Let's go!

#SpiritDota #Dota2 #ArlingtonMajor http",Positive,0.6725448
696,696,2022-08-13 19:08:01+00:00,ajansai1,"Go @user fan from India ğŸ‡®ğŸ‡³ğŸ˜ğŸ¤©. 

#SpiritDota #Dota2 #ArlingtonMajor http",Positive,0.92233884
700,700,2022-08-13 18:59:10+00:00,TSMFTXWIN,Dont buy scalped tickets pls. let them suffer.  #DOTA2 #DOTA #TI11,Negative,0.8085407
705,705,2022-08-13 18:55:06+00:00,Fady_Arayeh,True Sight is what separates Dota 2 from every other esports game out there. Can't wait for its release! #TrueSight #Dota2,Positive,0.9807802
711,711,2022-08-13 18:49:17+00:00,MohamedAldubaib,#dota2 is more than a game â¤ï¸ http,Positive,0.94077885
714,714,2022-08-13 18:46:32+00:00,BTSBrasilTV,"PGL Arlington Major 2022! ğŸ†

O sonho sul-americano do Major acaba por aqui dessa vez ğŸ¥º A @user vence aâ€¦ http",Positive,0.5047808
715,715,2022-08-13 18:45:23+00:00,Cafeine,ce dieu putain hahaha :) #dota2 http,Positive,0.908599
716,716,2022-08-13 18:43:47+00:00,Dota2Lounge,Time for the 2021 TI grandfinals LGD vs Spirit #PGLMajor #Dota2,Neutral,0.91213524
721,721,2022-08-13 18:19:32+00:00,roirabeje,"Missed playing this game ğŸ˜Œ

#Dota2",Neutral,0.4861862
723,723,2022-08-13 18:10:53+00:00,Dota2Lounge,Can we just stop hosting events at venues with ticketmaster? #dota2,Neutral,0.5019833
732,732,2022-08-13 17:46:39+00:00,benhorst,"Arc Warden pick, OG is pulling out the playoff stops now #dota2",Neutral,0.7803566
733,733,2022-08-13 17:44:26+00:00,rayyyyyyy_,"8/13

Esports one more go today or take a break fr. 2 day slump tragic.

#CSGO #MLB #VAL #Dota2 #DFSâ€¦ http",Negative,0.6081239
734,734,2022-08-13 17:39:11+00:00,Chesley_Cox,"Made it! Let's go OG!! ğŸŒ»ğŸŒ»ğŸŒ»ğŸŒ»ğŸŒ»ğŸŒ»ğŸŒ»ğŸŒ»
#OGdota #dota2 #PGLMajor http",Positive,0.95746046
737,737,2022-08-13 17:33:05+00:00,silentjoker45,Ahh #DOTADragonsBlood #dota2 #data only 2 ep left of book 3 and man ep 6 was great. Finally all pieces are coming tâ€¦ http,Positive,0.9659315
738,738,2022-08-13 17:23:14+00:00,gabrihenriques_,@user @user you should make an option to mute only menu music #dota2,Neutral,0.7561472
739,739,2022-08-13 17:22:38+00:00,nathio722,@user teach them fountain farmers a lesson lads. #ArlingtonMajor #dota2,Neutral,0.6606957
742,742,2022-08-13 17:08:53+00:00,lavaldi_,"I wonder how much #dota2 narrators earn, because they know everything! They have to study very well all things #ArlingtonMajor",Positive,0.4836497
743,743,2022-08-13 17:06:11+00:00,redditdota2,poor chen :( - /u/Issaction #dota2 http,Negative,0.7654324
744,744,2022-08-13 16:59:30+00:00,Rarussell95,AMAR THE F is the only ATF Iâ€™ll ever support! #Dota2 #ArlingtonMajor #OG,Positive,0.9092244
751,751,2022-08-13 16:43:28+00:00,redditdota2,"Invoker is pretty OP in the series, but who will win? Invoker Vs. Grand Magus - /u/moolfa http http",Positive,0.58003604
755,755,2022-08-13 16:37:26+00:00,ok_infinity_,"Saturday night stream!! Lets have some fun ^_^ Come say hi! #twitch #dota2

https://t.co/LDOKVTY0OP",Positive,0.9713789
764,764,2022-08-13 16:30:56+00:00,crossmetz,"#TI11 #dota2 
Looking for 3 finals tickets for TI11 DM me if you got them",Neutral,0.93460375
765,765,2022-08-13 16:23:39+00:00,YlakanGR,"Esta maÃ±ana he terminado la tercera temporada de Dota en Netflix. 100% recomendado, la piel de gallina, creo que laâ€¦ http",Positive,0.5155126
766,766,2022-08-13 16:13:59+00:00,redditdota2,Entity Gamingâ€™s stellar performance (rant) - /u/swagmoney12341234 #dota2 http,Positive,0.79452187
774,774,2022-08-13 15:55:38+00:00,wykrhm,Ceb showing a retired two time world champion is still a two time world champion. #ArlingtonMajor #DPC #Dota2,Neutral,0.65989095
778,778,2022-08-13 15:30:38+00:00,iturturika,"Where's the Battlepass?
#dota2",Neutral,0.82378846
780,780,2022-08-13 15:20:59+00:00,brumbrumbruuuce,"This is cancer
#dota2 #techie #ArlingtonMajor http",Negative,0.58982354
781,781,2022-08-13 15:20:32+00:00,yukichristy,#saynotoscalper #dota2 #TI11,Neutral,0.8123748
787,787,2022-08-13 14:58:23+00:00,ContentPhysics,The game is fun to play.â¤ï¸â¤ï¸â¤ï¸ #Dota2.#dota2art http,Positive,0.9904473
788,788,2022-08-13 14:57:12+00:00,godlioncub,"Looking for 2 tickets #TI11 finals 29&amp;30oct, DM #dota2",Neutral,0.94208455
790,790,2022-08-13 14:40:35+00:00,HolyPupperVT,"LETS GO OG !!
#dota2 #ArlingtonMajor",Positive,0.6313972
795,795,2022-08-13 14:06:07+00:00,armygeniuses,Have you gotten your ticket to The International yet? Congratulations to those who have already gotten it; if you hâ€¦ http,Positive,0.83409494
797,797,2022-08-13 13:57:47+00:00,Ayune_amemiya,"Today Lobby day!! 
YOU CAN JOIN !!
 
Search : [ GIGAAYUNE ]
Server : [ JP SERVER ] 
Mode : [ ALL PICK MODE ] 
Passwâ€¦ http",Positive,0.5175584
798,798,2022-08-13 13:55:46+00:00,redditdota2,Lowest pick rate and lowest win rate? - /u/ritmofish http #dota2 http,Negative,0.5291514
802,802,2022-08-13 13:31:10+00:00,esports_maps,What Genius! ğŸ§ #gaming #esportsgaming #valorant #leagueoflegends #overwatch #csgo #apexlegends #dota2 #codâ€¦ http,Positive,0.78827566
804,804,2022-08-13 13:23:37+00:00,ipsybaby,I'm so emotional and still in disbelief. We are actually going to watch #TI11 in person this year finally!!! Afterâ€¦ http,Positive,0.8293736
805,805,2022-08-13 13:17:50+00:00,yuanjun____,#TI11 #dota2 #TheInternational2022,Neutral,0.86750907
806,806,2022-08-13 13:09:45+00:00,TASHtalker,Lumilipad na pala si Night Stalker. #ArlingtonMajor #Dota2,Neutral,0.8902578
807,807,2022-08-13 13:08:00+00:00,Dota2Profiles,this bane is miles above anyone in this meta #dota2 http,Negative,0.47364864
808,808,2022-08-13 13:07:00+00:00,hiitsjuanito,Lf The International 2022 Playoffs tickets pm. #dota2 #TheInternational2022 #Singapore,Neutral,0.912658
809,809,2022-08-13 13:06:00+00:00,defyeharku,I've wanted to play this game for a long time.ğŸ™ŠğŸ™ŠğŸ™ŠğŸ™ŠğŸ™Š #Dota2.#dota2art #dota2fun http,Positive,0.95051825
812,812,2022-08-13 12:47:00+00:00,FelixMrqz,The game is fun to play.â¤ï¸â¤ï¸â¤ï¸ #Dota2.#dota2art http,Positive,0.9904473
813,813,2022-08-13 12:46:58+00:00,Ferkla3,The game is fun to play.â¤ï¸â¤ï¸â¤ï¸ #Dota2.#dota2art http,Positive,0.9904473
815,815,2022-08-13 12:42:35+00:00,brijeshnishar,"Purely heart broken &amp; crying at this point for not able to get the TI11 tickets....fix this scalpers 
#Dota2
@valvesoftware @user",Negative,0.89878947
817,817,2022-08-13 12:21:59+00:00,DotaCinema,"if health drops below 13%, they will instantly shatter http #dota2 http",Negative,0.5690167
818,818,2022-08-13 12:13:40+00:00,dennytandiono_,"WTS 1 TI 11 TICKET FINALS, DM ME #TI11 #dota2",Neutral,0.9199633
821,821,2022-08-13 11:54:05+00:00,neonesportsdota,The direct invites to The International 2022! Congratulations to @user for being the first SEA team to quaâ€¦ http,Positive,0.9718257
824,824,2022-08-13 11:42:00+00:00,raybet20,"Arlington Major Highlight ğŸ’•
You can never escape from a invisible blackhole!
#Raybet #DOTA2 #ArlingtonMajor http",Positive,0.7921434
829,829,2022-08-13 11:30:00+00:00,virtuspro,"Family support is a key â˜ºï¸

ğŸ“·: yamich (VK)

#Dota2 #GOGOVP http",Positive,0.82564586
832,832,2022-08-13 11:08:50+00:00,neonesportsdota,Group stage secured! We are claiming one spot in the Predator League - PH Group stage. We hope to have your full suâ€¦ http,Positive,0.89345074
834,834,2022-08-13 11:04:13+00:00,syrfer04,å†³èµ›çš„ç¥¨ç›´æ¥ç‚’åˆ°1000å—ä¸€å¼ ï¼Œé¸¡è›‹ç³•ã€‚#dota2,Neutral,0.8263957
840,840,2022-08-13 10:08:24+00:00,neonesportsdota,Victory night indeed! Our team has just earned a spot in the Predator League 2022/23 - PH Group stage after emerginâ€¦ http,Positive,0.9529312
843,843,2022-08-13 09:43:37+00:00,ferinthethief,Looking for the ticker for 22 oct  #dota2,Neutral,0.92611223
844,844,2022-08-13 09:38:23+00:00,neonesportsdota,"Weâ€™re moving one step forward after winning game 1 against PCP! Continue cheering our boys, weâ€™ll be back after a sâ€¦ http",Positive,0.95576435
854,854,2022-08-13 09:11:46+00:00,redditdota2,had very pleasant experience at Arlington major day 1 with a few inconveniences - /u/KariSharp #dota2 http,Positive,0.9738263
855,855,2022-08-13 09:05:51+00:00,CopalGaming,@user why did u guys drop a 500 mb update with no content at all i thought U finally dropped the battle pass cmon gaben #dota2 #Valve,Negative,0.7226302
857,857,2022-08-13 08:42:55+00:00,neonesportsdota,There you have it! Another W! Tune in to Predator Gaming page as we try to secure a place in the Predator League 20â€¦ http,Positive,0.5694591
863,863,2022-08-13 08:23:11+00:00,AndreaJ12634591,One of my favorite games.ğŸ¤—ğŸ¤—ğŸ¤—ğŸ¤—ğŸ¤— #Dota2.#dota2art http,Positive,0.9918007
867,867,2022-08-13 08:00:59+00:00,thunderpickco,"Following the tradition, here is Arlington schedule ğŸ˜Š. We are getting close to the finals and as I can see we don'tâ€¦ http",Positive,0.76791316
869,869,2022-08-13 07:53:50+00:00,MrJesusKING,"Seems like the Battle Pass Bundles got uploaded on steamdb! So hyped!!!!! OH Lord Gaben, Please take my money!â€¦ http",Positive,0.91466564
870,870,2022-08-13 07:50:29+00:00,redditdota2,[PSA] Beware of Ticket Scammers taking advantage of the unfortunate situation - /u/Avar1cious #dota2 http,Negative,0.7430244
871,871,2022-08-13 07:38:24+00:00,JoshuaC13595493,It's fun.ğŸ˜ğŸ˜ğŸ˜ğŸ˜ #moba #Dota2.#dota2art http,Positive,0.9768918
874,874,2022-08-13 07:30:00+00:00,YahooEsportsSEA,Maybe telling your opponents which heroes to ban to beat your team isnâ€™t a great idea in @user #DOTA2â€¦ http,Negative,0.6675487
875,875,2022-08-13 07:15:49+00:00,RnD_Heretic,"#Lina #dota2
My sweet cutie!
@Lina_The_Slayer http",Positive,0.9287886
876,876,2022-08-13 07:13:06+00:00,SharonP24756140,It's fun.ğŸ˜ğŸ˜ğŸ˜ğŸ˜ #moba #Dota2.#dota2art http,Positive,0.9768918
880,880,2022-08-13 07:00:01+00:00,ONEEsports,"Fs in the chat ğŸ˜­

TI11 tickets sold out within minutes, scalpers mark up more than 100% ğŸ‘‰ http http",Positive,0.6379989
882,882,2022-08-13 06:54:49+00:00,_sjsy,2000usd for #Dota2 #TI11 Finals Ticket? What?,Neutral,0.706291
883,883,2022-08-13 06:54:14+00:00,redditdota2,"TI11 Scalper directly DMing us via reddit with huge markup, absolutely no shame - /u/chibiwongâ€¦ http",Positive,0.5672448
885,885,2022-08-13 06:35:02+00:00,JeezeSaw,"inanyo mga scalpers tubuan sana kayo ng gulugo sa pwet

#Dota2",Neutral,0.8450602
889,889,2022-08-13 06:16:05+00:00,sangoku116,Looking for 2 TI tickets all days. Pm me thank you.  #TI11 #TheInternational11 #dota2 #DOTA #TI2022 #TI,Neutral,0.68113995
893,893,2022-08-13 06:00:52+00:00,TerminusEterne,"Wow, #dota2 #DragonsBlood was actually really fucking good this season.",Positive,0.9744452
895,895,2022-08-13 05:52:56+00:00,LynnLew14285300,Favorite game of all time.ğŸ‘‡ğŸ‘‡ğŸ‘‡ğŸ‘‡ #dota2player #Dota2.#dota2art #moba http,Positive,0.96741396
897,897,2022-08-13 05:45:38+00:00,redditdota2,Do not buy scalped tickets. - /u/Original_Dog #dota2 http,Negative,0.6728182
899,899,2022-08-13 05:41:17+00:00,YesungMad,The cause of my wallet hole  #dota2 #SS9inSG http,Negative,0.53622085
901,901,2022-08-13 05:32:01+00:00,JASMXXE_,Saw some people manage to get their TI tickets from refreshing the website. Dont give up hope yet! #ti11 #dota2,Positive,0.7488422
902,902,2022-08-13 05:22:42+00:00,Houseofgaming_,"@user congratulates The Indian DOTA Team - Moin, Ketan, Vishal, Abhishek and Shubham for winning Bronze Mâ€¦ http",Positive,0.93091923
903,903,2022-08-13 05:18:39+00:00,redditdota2,How is this even possible? - /u/amanup #dota2 http,Negative,0.53696156
904,904,2022-08-13 05:14:40+00:00,BuilderCoinBLDR,This is a hero and an NFT. #playtoearn #genesisbattle #moba #mobilelegends #dota2 #nft #p2e http,Positive,0.79299974
905,905,2022-08-13 05:08:23+00:00,a__good__pers0n,"looking for #dota2 #ti11 finals tickets, willing to buy",Neutral,0.79639775
908,908,2022-08-13 04:43:28+00:00,thebitterJ,Look at this bastard child #Carousell http #dota2  #dota2ti,Negative,0.89437217
909,909,2022-08-13 04:43:01+00:00,GosuGamers,"Team Aster continues their journey in the Arlington Major by eliminating Entity.

#GosuGamers #Gosu20 #PassionON #Dota2 #ArlingtonMajor",Neutral,0.8207438
912,912,2022-08-13 04:31:36+00:00,KEISTER_m4a,#dota2 #TI11 I feel bad for my lil brother. Now he says he doesnâ€™t know what to feel. My dude is bawling. I just waâ€¦ http,Negative,0.9306871
915,915,2022-08-13 04:18:04+00:00,redditdota2,This scumbag with 60 tickets ti11 for sale - $1000 each - /u/Fit-Pickle-5908 http #dota2 http,Negative,0.8461168
917,917,2022-08-13 04:15:04+00:00,ayayayaXF,want to buy 2 grand final tickets #ti11 #dota2,Neutral,0.82328445
918,918,2022-08-13 04:12:15+00:00,agunkwicaksana,KL Major is cheaper and easier to get ticket #dota2,Positive,0.7395731
919,919,2022-08-13 04:11:45+00:00,alfrido90,"GG, goodbye TI11, curse you scalpers #dota2 #TI11 http",Negative,0.8324415
923,923,2022-08-13 03:59:56+00:00,jaajaahh,"Looking for 2 TI final's ticket, pls dm me the price if u want to resellğŸ™ğŸ» #TI11 #dota2",Neutral,0.7778116
927,927,2022-08-13 03:52:39+00:00,EGamersWorld,"PGL Arlington Major 2022: Entities drop out of the tournament

The Entity team could not cope with Team Aster and lâ€¦ http",Negative,0.728655
928,928,2022-08-13 03:52:25+00:00,xxYanGirlxx,GOT TICKETS FOR THE FINALS FOR #TheInternational #dota2 2022 Singapore!!!!! #ti11 ğŸ¥¹,Positive,0.56292295
929,929,2022-08-13 03:52:23+00:00,egwdota2,PGL Arlington Major 2022: Entities drop out of the tournament http Entity team could not coâ€¦ http,Negative,0.7122213
931,931,2022-08-13 03:49:05+00:00,eucalyptusnpine,"Don't be too idiot to buy #ti11 ticket from scalpers and reselllers.
#dota2",Negative,0.6237679
933,933,2022-08-13 03:47:50+00:00,yukichristy,"- they were. 

I even spent half of my monthly salary to prepare my Dota Cosplay for TI. 

Guess everything is nothâ€¦ http",Negative,0.46724072
934,934,2022-08-13 03:47:16+00:00,mcpba,rng lgd èŒ¶é˜Ÿéƒ½è·å¾—äº†â€œè¿™éƒ½èƒ½ç¿»â€æˆå°±ï¼ ï¼ƒdota2,Neutral,0.857012
940,940,2022-08-13 03:40:17+00:00,cqqqqqqt,Scalpers add no value to society. #dota2 #TheInternational,Negative,0.8190146
941,941,2022-08-13 03:34:38+00:00,ThoonyLunes,"WTB LFS

TI11 Playoffs Any Date 

#Dota2 #TheInternational",Neutral,0.9133271
942,942,2022-08-13 03:32:04+00:00,JeezeSaw,"I hate all of you!!!

#Dota2 http",Negative,0.972473
943,943,2022-08-13 03:31:25+00:00,Auph,See you at TI11! ğŸ«¶ #dota2 http,Positive,0.54312843
945,945,2022-08-13 03:28:11+00:00,afkgaming,"Fans who did not manage to secure tickets for #TI11 are furious

#Esports #Dota2 http",Negative,0.7349818
946,946,2022-08-13 03:26:45+00:00,qpink_wm,"These scalpers.. a disgrace to Singaporeans. ""Get 5 tickets to let go""? Really is ç¤¾æœƒæ•—é¡. #disgusted #Dota2 #TI11 http",Negative,0.9506234
947,947,2022-08-13 03:25:55+00:00,jeonyoonhong,"wtb lf finals day oct 29-30 -- 2tickets
#Dota2 #TI11 #singapore",Neutral,0.9071945
949,949,2022-08-13 03:21:58+00:00,rayyyyyyy_,"8/13

Only play Iâ€™m locking in tomorrow; thanks to @user for the kick in the butt to post. I appreciate it ğŸ™â€¦ http",Positive,0.921688
950,950,2022-08-13 03:21:58+00:00,AshleighMasha,looking for TI11 dota2 tickets. Any time. Pls DM #dota2 #ti11 #singapore,Neutral,0.9114868
951,951,2022-08-13 03:21:32+00:00,dfs_quest,Sorry I havenâ€™t been active today but my favorite plays for tomorrow! #PrizePicks #csgo #valorant #rocketleagueâ€¦ http,Positive,0.8914406
955,955,2022-08-13 03:18:19+00:00,Bradley19097036,One of my favorite games.ğŸ¤—ğŸ¤—ğŸ¤—ğŸ¤—ğŸ¤— #Dota2.#dota2art http,Positive,0.9918007
956,956,2022-08-13 03:17:42+00:00,Youngskyyyy,#WTB The International Ticket 2022 Playoff 22-23. 2 tickets. Pls dm for reasonable price. #TheInternational #dota2,Neutral,0.8054746
957,957,2022-08-13 03:17:28+00:00,phankow,#Dota2 #TI11 #singapore WTB want to buy any day,Neutral,0.7267519
958,958,2022-08-13 03:15:13+00:00,NitaWannita,Find payoff IT11 ticket any date #dota2 #TI11 #Theinternational,Neutral,0.91554743
959,959,2022-08-13 03:14:56+00:00,GuiltyClownGCG,#Dota2 #TI11 #singapore see you all there http,Positive,0.5105192
960,960,2022-08-13 03:14:52+00:00,JASMXXE_,Omg this is so toxic!! Everybody please go report this post! â˜¹ï¸ tickets should be only sold to people who enjoy dotâ€¦ http,Negative,0.9552378
963,963,2022-08-13 03:08:22+00:00,kaeya26,All of you scalpers go and rot to death #ti11 #dota2,Negative,0.9140056
964,964,2022-08-13 03:07:34+00:00,redditdota2,"Scalpers at it on Carousell already, fuck these animals - /u/ragedoto2 http #dota2 http",Negative,0.9421514
966,966,2022-08-13 03:02:56+00:00,OdeShadowhunter,Who got #Dota2 TI tickets? ğŸ¥²,Neutral,0.5166392
967,967,2022-08-13 03:02:02+00:00,Rtsannn,"in the meantime, anyone going ESL one Malaysia Genting? I've got tickets already for that, at least. #dota2",Neutral,0.7552437
968,968,2022-08-13 02:58:45+00:00,smileKYLEsmile,"Whoever thought to do this TI on different weekends was an idiot.

#dota2 #TI11",Negative,0.7906568
969,969,2022-08-13 02:58:24+00:00,DeQueue94,GGWP Ticketmaster. At this point I would rather enjoy the cold breeze at ESL One Malaysia and collect the goodies bâ€¦ http,Positive,0.48488912
971,971,2022-08-13 02:56:19+00:00,sabbyswy,Easy clap âœ¨âœ¨ #dota2 http,Positive,0.83800936
973,973,2022-08-13 02:52:49+00:00,ThatGrissomBoy,"Happy Friday! Stop by http 's stream and kick it with amazing company! 

#Twitch
#twitchstreamerâ€¦ http",Positive,0.9797727
975,975,2022-08-13 02:51:05+00:00,redditdota2,Scalping should be a fucking crime punishable by death (Carousell SG) - /u/dm1tru http #dota2 http,Negative,0.9515323
976,976,2022-08-13 02:50:13+00:00,JASMXXE_,Actually feeling lucky. Friends got their queue number in 10k and 20ks. Off to #TI11 #Dota2 ğŸ¥³ http,Positive,0.9526754
977,977,2022-08-13 02:47:47+00:00,BarneyBlues,"Home from 12 hour Night Shift at 8 AM, rushed home, stayed up, queue up since 8:30 AM, still can't get the tickets,â€¦ http",Negative,0.7869548
978,978,2022-08-13 02:47:10+00:00,Thongwingyee,Lets Fucking Go!!! @user #TheInternational11 #TI11 #Dota2 http,Positive,0.4080248
980,980,2022-08-13 02:42:50+00:00,redditdota2,Scalpers got all the TI tickets. Sold out instantly. - /u/juggernautomnislash #dota2 http,Positive,0.70906216
981,981,2022-08-13 02:42:13+00:00,Kuroishi1003,"Cant seems to find seat hereâ€¦.

 #TI11 #Dota2 http",Negative,0.6437512
983,983,2022-08-13 02:40:28+00:00,nnnninee,"I got ittttttt!!!!!
See yah TI11 and see you in Grand final @user 
Many thanks to @user @user http",Positive,0.956961
985,985,2022-08-13 02:37:12+00:00,KEISTER_m4a,Wow we didnâ€™t even have the chance to get the tix #Dota2 . The fuckers who buy just to resell can fucking die,Negative,0.95645416
987,987,2022-08-13 02:30:17+00:00,mags_gg,Looks like TI tickets sold out within a few minutes. I'd prefer to attend by qualifying with @user anyways ğŸ˜¤ #dota2,Neutral,0.49151194
988,988,2022-08-13 02:29:54+00:00,_sjsy,"5 Dota2 TI11 Finals tickets SECURED.

#TI11 #Dota2 #Singapore",Neutral,0.9072548
990,990,2022-08-13 02:26:52+00:00,unomadds,Weâ€™re going to #TI11 !! Singapore and #Dota2 here we come!! ğŸ‡¸ğŸ‡¬ğŸ†,Positive,0.87023467
992,992,2022-08-13 02:25:04+00:00,jasonleongtw,"WTFfffffffff no tickets available for Dota 2 TI... Noooooo

#dota2 #TI",Negative,0.9045103
993,993,2022-08-13 02:23:46+00:00,idomoji,"Okay the #dota2 ticket is hot hot hot ğŸ”¥ my friend's queue number is 13217.

Are we in recession or not??",Positive,0.88736355
999,999,2022-08-13 02:01:28+00:00,Dowderz,Just want to say thanks to everyone for tonightâ€™s stream. We had good fun and a few follows and Subs! Really apprecâ€¦ http,Positive,0.9896774
